{
  "project_info": {
    "project_number": "300188963697",
    "project_id": "olxsenai-5e064",
    "storage_bucket": "olxsenai-5e064.firebasestorage.app"
  },
  "client": [
    {
      "client_info": {
        "mobilesdk_app_id": "1:300188963697:android:47af0b009729a329281cd0",
        "android_client_info": {
          "package_name": "br.com.devconnect.olxsenai"
        }
      },
      "oauth_client": [],
      "api_key": [
        {
          "current_key": "AIzaSyDZHXVbOiKuy6NBviLzLd2P7N_KJyERkaU"
        }
      ],
      "services": {
        "appinvite_service": {
          "other_platform_oauth_client": []
        }
      }
    }
  ],
  "configuration_version": "1"
}